{
    "metrics": {
        "search_docs_returned": {
            "min": 0,
            "med": 10,
            "max": 10,
            "p(90)": 10,
            "p(95)": 10,
            "avg": 8.328853481122271
        },
        "iterations": {
            "count": 14435,
            "rate": 1441.5838467508988
        },
        "http_req_duration": {
            "min": 4.893,
            "med": 13.541,
            "max": 27.728,
            "p(90)": 17.528,
            "p(95)": 18.842,
            "avg": 13.686938759958366,
            "thresholds": {
                "p(95)<750": false,
                "p(99)<1500": false
            }
        },
        "checks": {
            "passes": 72175,
            "fails": 0,
            "value": 1
        },
        "http_req_blocked": {
            "avg": 0.0021275372358854046,
            "min": 0,
            "med": 0.001,
            "max": 0.827,
            "p(90)": 0.002,
            "p(95)": 0.003
        },
        "search_http_time_ms": {
            "max": 27.728,
            "p(90)": 17.528,
            "p(95)": 18.842,
            "avg": 13.686938759958366,
            "min": 4.893,
            "med": 13.541
        },
        "iteration_duration": {
            "med": 13.701708,
            "max": 28.033333,
            "p(90)": 17.7017832,
            "p(95)": 19.049549799999998,
            "avg": 13.859882622583951,
            "min": 5.027667
        },
        "data_sent": {
            "count": 2415614,
            "rate": 241240.74280466404
        },
        "http_req_waiting": {
            "med": 13.508,
            "max": 27.7,
            "p(90)": 17.4912,
            "p(95)": 18.800699999999992,
            "avg": 13.653570834776495,
            "min": 4.861
        },
        "search_requests": {
            "count": 14435,
            "rate": 1441.5838467508988
        },
        "http_req_tls_handshaking": {
            "med": 0,
            "max": 0,
            "p(90)": 0,
            "p(95)": 0,
            "avg": 0,
            "min": 0
        },
        "vus": {
            "max": 20,
            "value": 20,
            "min": 20
        },
        "search_checks": {
            "passes": 14435,
            "fails": 0,
            "thresholds": {
                "rate>0.99": false
            },
            "value": 1
        },
        "http_req_receiving": {
            "min": 0.005,
            "med": 0.02,
            "max": 1.859,
            "p(90)": 0.047,
            "p(95)": 0.06,
            "avg": 0.027933564253549748
        },
        "data_received": {
            "count": 79089933,
            "rate": 7898494.620949834
        },
        "http_req_connecting": {
            "med": 0,
            "max": 0.5,
            "p(90)": 0,
            "p(95)": 0,
            "avg": 0.000539314166955317,
            "min": 0
        },
        "http_req_sending": {
            "p(90)": 0.008,
            "p(95)": 0.01,
            "avg": 0.005434360928299461,
            "min": 0.001,
            "med": 0.005,
            "max": 0.756
        },
        "http_req_duration{expected_response:true}": {
            "avg": 13.686938759958366,
            "min": 4.893,
            "med": 13.541,
            "max": 27.728,
            "p(90)": 17.528,
            "p(95)": 18.842
        },
        "vus_max": {
            "value": 20,
            "min": 20,
            "max": 20
        },
        "http_req_failed": {
            "passes": 0,
            "fails": 14435,
            "thresholds": {
                "rate<0.01": false
            },
            "value": 0
        },
        "http_reqs": {
            "count": 14435,
            "rate": 1441.5838467508988
        }
    },
    "setup_data": {
        "datasetSize": 1000
    },
    "root_group": {
        "groups": {},
        "checks": {
                "status is 200": {
                    "fails": 0,
                    "name": "status is 200",
                    "path": "::status is 200",
                    "id": "6210a8cd14cd70477eba5c5e4cb3fb5f",
                    "passes": 14435
                },
                "response is json": {
                    "name": "response is json",
                    "path": "::response is json",
                    "id": "7b6320afbd565959a128eded3beefbee",
                    "passes": 14435,
                    "fails": 0
                },
                "docs is an array": {
                    "path": "::docs is an array",
                    "id": "dadd2b8a27c5c9d44eb17fee7e305ca2",
                    "passes": 14435,
                    "fails": 0,
                    "name": "docs is an array"
                },
                "meta is an array": {
                    "name": "meta is an array",
                    "path": "::meta is an array",
                    "id": "61734a7037033e4beb0f3d05415d68f9",
                    "passes": 14435,
                    "fails": 0
                },
                "stats has java timing when present": {
                    "name": "stats has java timing when present",
                    "path": "::stats has java timing when present",
                    "id": "5492b0dec033e1f8b2f90e7487450579",
                    "passes": 14435,
                    "fails": 0
                }
            },
        "name": "",
        "path": "",
        "id": "d41d8cd98f00b204e9800998ecf8427e"
    }
}